insert into grading_system values (1, 'USA');
insert into grading_system values (2, 'MX');
insert into grade(id, name, arrangement, grading_system_id, css_color) values (1, 'S', 1 , 1, '#FF00FF');
insert into grade(id, name, arrangement, grading_system_id, css_color) values (2, 'A', 2 , 1, '#2ccb37');
insert into grade(id, name, arrangement, grading_system_id, css_color) values (3, 'B', 3 , 1, '#00bf56');
insert into grade(id, name, arrangement, grading_system_id, css_color) values (4, 'C', 4 , 1, '#00b26d');
insert into grade(id, name, arrangement, grading_system_id, css_color) values (5, 'D', 5 , 1, '#b4dc47');
insert into grade(id, name, arrangement, grading_system_id, css_color) values (6, 'F', 6 , 1, '#cee053');
insert into grade(id, name, arrangement, grading_system_id, css_color) values (7, '10', 1 , 2, '#FF5733');
insert into grade(id, name, arrangement, grading_system_id, css_color) values (8,  '9', 2 , 2, '#2ccb37');
insert into grade(id, name, arrangement, grading_system_id, css_color) values (9,  '8', 3 , 2, '#00bf56');
insert into grade(id, name, arrangement, grading_system_id, css_color) values (10, '7', 4 , 2, '#00b26d');
insert into grade(id, name, arrangement, grading_system_id, css_color) values (11, '6', 5 , 2, '#b4dc47');
insert into grade(id, name, arrangement, grading_system_id, css_color) values (12, '5', 6 , 2, '#cee053');
insert into grade(id, name, arrangement, grading_system_id, css_color) values (13, '0', 7 , 2, '#0075f8');
insert into critic (id, username) values (1, 'Critic number One ');
insert into category (id, name, critic_id, grading_system) values (1,'Top Nintendo Switch Games', 1, 1);
insert into category (id, name, critic_id, grading_system) values (2,'Top Movies', 1, 2);
insert into item(id, name, category_id, grade_id) values (1, 'The legend Of zelda Breath of the Wild', 1, 1);
values next value for item_seq;
insert into item(id, name, category_id, grade_id) values (2, 'Super Mario Odissey', 1, 1);
values next value for item_seq;
insert into item(id, name, category_id, grade_id) values (3, 'Splaton 2', 1, 2);
values next value for item_seq;
insert into item(id, name, category_id, grade_id) values (4, 'Arms', 1, 3);
values next value for item_seq;
insert into item(id, name, category_id, grade_id) values (5, 'Mario Golf Dash', 1, 4);
values next value for item_seq;